{
  "require_version" : "1.0",
  "directory": [
    {
        "name" : "application/views/payment/instructor-payment"
    },
    {
        "name" : "application/views/payment/instructor-payment/paypal"
    },
    {
        "name" : "application/views/payment/instructor-payment/stripe"
    }
  ],
  "sql_file": "",
  "libraries": [],
  "files": [
    {
        "root_directory" : "update/update_1.1/application/controllers/Api_student.php",
        "update_directory" : "application/controllers/Api_student.php"
    },
    {
        "root_directory" : "update/update_1.1/application/controllers/Admin.php",
        "update_directory" : "application/controllers/Admin.php"
    },
    {
        "root_directory" : "update/update_1.1/application/controllers/Classes.php",
        "update_directory" : "application/controllers/Classes.php"
    },
    {
        "root_directory" : "update/update_1.1/application/controllers/Membership.php",
        "update_directory" : "application/controllers/Membership.php"
    },
    {
        "root_directory" : "update/update_1.1/application/controllers/Signin.php",
        "update_directory" : "application/controllers/Signin.php"
    },
    {
        "root_directory" : "update/update_1.1/application/controllers/Teacher.php",
        "update_directory" : "application/controllers/Teacher.php"
    },
    {
        "root_directory" : "update/update_1.1/application/helpers/common_helper.php",
        "update_directory" : "application/helpers/common_helper.php"
    },
    {
        "root_directory" : "update/update_1.1/application/models/Crud_model.php",
        "update_directory" : "application/models/Crud_model.php"
    },
    {
        "root_directory" : "update/update_1.1/application/models/Frontend_model.php",
        "update_directory" : "application/models/Frontend_model.php"
    },
    {
        "root_directory" : "update/update_1.1/application/models/api/Api_model.php",
        "update_directory" : "application/models/api/Api_model.php"
    },
    {
        "root_directory" : "update/update_1.1/application/views/backend/admin/system_settings.php",
        "update_directory" : "application/views/backend/admin/system_settings.php"
    },
    {
        "root_directory" : "update/update_1.1/application/views/backend/admin/navigation.php",
        "update_directory" : "application/views/backend/admin/navigation.php"
    },
    {
        "root_directory" : "update/update_1.1/application/views/backend/admin/purchase_history.php",
        "update_directory" : "application/views/backend/admin/purchase_history.php"
    },
    {
        "root_directory" : "update/update_1.1/application/views/backend/admin/payout_reports.php",
        "update_directory" : "application/views/backend/admin/payout_reports.php"
    },
    {
        "root_directory" : "update/update_1.1/application/views/backend/admin/revenue_reports.php",
        "update_directory" : "application/views/backend/admin/revenue_reports.php"
    },
    {
        "root_directory" : "update/update_1.1/application/views/backend/admin/revenue_settings.php",
        "update_directory" : "application/views/backend/admin/revenue_settings.php"
    },
    {
        "root_directory" : "update/update_1.1/application/views/backend/admin/student_enrolment_settings.php",
        "update_directory" : "application/views/backend/admin/student_enrolment_settings.php"
    },
    {
        "root_directory" : "update/update_1.1/application/views/backend/teacher/navigation.php",
        "update_directory" : "application/views/backend/teacher/navigation.php"
    },
    {
        "root_directory" : "update/update_1.1/application/views/backend/teacher/profile.php",
        "update_directory" : "application/views/backend/teacher/profile.php"
    },
    {
        "root_directory" : "update/update_1.1/application/views/backend/teacher/payout_reports.php",
        "update_directory" : "application/views/backend/teacher/payout_reports.php"
    },
    {
        "root_directory" : "update/update_1.1/application/views/backend/teacher/revenue_reports.php",
        "update_directory" : "application/views/backend/teacher/revenue_reports.php"
    },
    {
        "root_directory" : "update/update_1.1/application/views/backend/teacher/send_withdrawal_request.php",
        "update_directory" : "application/views/backend/teacher/send_withdrawal_request.php"
    },
    {
        "root_directory" : "update/update_1.1/application/views/frontend/home.php",
        "update_directory" : "application/views/frontend/home.php"
    },
    {
        "root_directory" : "update/update_1.1/application/views/frontend/logged_out_classes.php",
        "update_directory" : "application/views/frontend/logged_out_classes.php"
    },
    {
        "root_directory" : "update/update_1.1/application/views/frontend/logged_in_classes.php",
        "update_directory" : "application/views/frontend/logged_in_classes.php"
    },
    {
        "root_directory" : "update/update_1.1/application/views/frontend/profile_account.php",
        "update_directory" : "application/views/frontend/profile_account.php"
    },
    {
        "root_directory" : "update/update_1.1/application/views/frontend/browse_classes_list.php",
        "update_directory" : "application/views/frontend/browse_classes_list.php"
    },
    {
        "root_directory" : "update/update_1.1/application/views/frontend/class_about.php",
        "update_directory" : "application/views/frontend/class_about.php"
    },
    {
        "root_directory" : "update/update_1.1/application/views/frontend/common_scripts.php",
        "update_directory" : "application/views/frontend/common_scripts.php"
    },
    {
        "root_directory" : "update/update_1.1/application/views/frontend/footer.php",
        "update_directory" : "application/views/frontend/footer.php"
    },
    {
        "root_directory" : "update/update_1.1/application/views/frontend/html5_player.php",
        "update_directory" : "application/views/frontend/html5_player.php"
    },
    {
        "root_directory" : "update/update_1.1/application/views/frontend/membership.php",
        "update_directory" : "application/views/frontend/membership.php"
    },
    {
        "root_directory" : "update/update_1.1/application/views/frontend/vimeo_player.php",
        "update_directory" : "application/views/frontend/vimeo_player.php"
    },
    {
        "root_directory" : "update/update_1.1/application/views/frontend/youtube_player.php",
        "update_directory" : "application/views/frontend/youtube_player.php"
    },
    {
        "root_directory" : "update/update_1.1/application/views/frontend/class_discussions.php",
        "update_directory" : "application/views/frontend/class_discussions.php"
    },
    {
        "root_directory" : "update/update_1.1/application/views/frontend/subscription_view.php",
        "update_directory" : "application/views/frontend/subscription_view.php"
    },
    {
        "root_directory" : "update/update_1.1/application/views/frontend/class_projects.php",
        "update_directory" : "application/views/frontend/class_projects.php"
    },
    {
        "root_directory" : "update/update_1.1/application/views/frontend/project_add_form.php",
        "update_directory" : "application/views/frontend/project_add_form.php"
    },
    {
        "root_directory" : "update/update_1.1/application/views/frontend/project_details.php",
        "update_directory" : "application/views/frontend/project_details.php"
    },
    {
        "root_directory" : "update/update_1.1/application/views/payment/stripe/stripe_checkout.php",
        "update_directory" : "application/views/payment/stripe/stripe_checkout.php"
    },
    {
        "root_directory" : "update/update_1.1/application/views/payment/stripe/stripe_payment_gateway_form.php",
        "update_directory" : "application/views/payment/stripe/stripe_payment_gateway_form.php"
    },
    {
        "root_directory" : "update/update_1.1/application/views/payment/instructor-payment/paypal/paypal_checkout.php",
        "update_directory" : "application/views/payment/instructor-payment/paypal/paypal_checkout.php"
    },
    {
        "root_directory" : "update/update_1.1/application/views/payment/instructor-payment/stripe/stripe_checkout.php",
        "update_directory" : "application/views/payment/instructor-payment/stripe/stripe_checkout.php"
    },
    {
        "root_directory" : "update/update_1.1/assets/frontend/custom/css/mastery.custom.css",
        "update_directory" : "assets/frontend/custom/css/mastery.custom.css"
    },
    {
        "root_directory" : "update/update_1.1/uploads/index.html",
        "update_directory" : "uploads/category_thumbnails/index.html"
    },
    {
        "root_directory" : "update/update_1.1/uploads/index.html",
        "update_directory" : "uploads/classes/banner/index.html"
    },
    {
        "root_directory" : "update/update_1.1/uploads/index.html",
        "update_directory" : "uploads/classes/index.html"
    },
    {
        "root_directory" : "update/update_1.1/uploads/index.html",
        "update_directory" : "uploads/classes/thumbnail/index.html"
    },
    {
        "root_directory" : "update/update_1.1/uploads/index.html",
        "update_directory" : "uploads/home_page_images/index.html"
    },
    {
        "root_directory" : "update/update_1.1/uploads/index.html",
        "update_directory" : "uploads/index.html"
    },
    {
        "root_directory" : "update/update_1.1/uploads/index.html",
        "update_directory" : "uploads/system_images/index.html"
    },
    {
        "root_directory" : "update/update_1.1/uploads/index.html",
        "update_directory" : "uploads/system_images/logo/index.html"
    },
    {
        "root_directory" : "update/update_1.1/uploads/index.html",
        "update_directory" : "uploads/user_images/index.html"
    }
  ]
}